,metro_area,postal_code,median_sale_price,house_count
0,"Baltimore,MD",21201,270000.0,26
1,"Baltimore,MD",21202,236000.0,54
2,"Baltimore,MD",21204,540537.0,21
3,"Baltimore,MD",21205,129925.0,56
4,"Baltimore,MD",21206,230000.0,123
5,"Baltimore,MD",21207,265000.0,61
6,"Baltimore,MD",21208,348250.0,58
7,"Baltimore,MD",21209,385000.0,74
8,"Baltimore,MD",21210,553396.5,46
9,"Baltimore,MD",21211,312500.0,82
10,"Baltimore,MD",21212,362500.0,110
11,"Baltimore,MD",21213,130000.0,106
12,"Baltimore,MD",21214,278000.0,69
13,"Baltimore,MD",21215,177500.0,110
14,"Baltimore,MD",21216,175000.0,81
15,"Baltimore,MD",21217,134900.0,95
16,"Baltimore,MD",21218,220000.0,139
17,"Baltimore,MD",21219,390000.0,15
18,"Baltimore,MD",21220,332500.0,58
19,"Baltimore,MD",21221,269900.0,75
20,"Baltimore,MD",21222,217300.0,113
21,"Baltimore,MD",21223,63000.0,91
22,"Baltimore,MD",21224,301000.0,311
23,"Baltimore,MD",21225,166500.0,76
24,"Baltimore,MD",21226,120000.0,22
25,"Baltimore,MD",21227,301000.0,53
26,"Baltimore,MD",21228,400000.0,92
27,"Baltimore,MD",21229,174000.0,140
28,"Baltimore,MD",21230,322750.0,226
29,"Baltimore,MD",21231,325000.0,85
30,"Baltimore,MD",21234,253125.0,135
31,"Baltimore,MD",21236,282500.0,60
32,"Baltimore,MD",21237,285000.0,54
33,"Baltimore,MD",21239,210000.0,46
34,"Baltimore,MD",21244,298750.0,32
35,"Baltimore,MD",21286,345866.0,33
36,"Boston,MA",02108,2150000.0,35
37,"Boston,MA",02109,1290000.0,26
38,"Boston,MA",02110,1550000.0,40
39,"Boston,MA",02111,875000.0,35
40,"Boston,MA",02113,847500.0,23
41,"Boston,MA",02114,915000.0,82
42,"Boston,MA",02115,868000.0,59
43,"Boston,MA",02116,1325500.0,164
44,"Boston,MA",02118,1152950.0,200
45,"Boston,MA",02119,703500.0,56
46,"Boston,MA",02120,999000.0,19
47,"Boston,MA",02121,583700.0,30
48,"Boston,MA",02122,605000.0,69
49,"Boston,MA",02124,645000.0,96
50,"Boston,MA",02125,745000.0,83
51,"Boston,MA",02126,610000.0,25
52,"Boston,MA",02127,881250.0,250
53,"Boston,MA",02128,660000.0,178
54,"Boston,MA",02129,936000.0,159
55,"Boston,MA",02130,755000.0,209
56,"Boston,MA",02131,699500.0,128
57,"Boston,MA",02132,745000.0,134
58,"Boston,MA",02134,700000.0,31
59,"Boston,MA",02135,580000.0,92
60,"Boston,MA",02136,632500.0,76
61,"Boston,MA",02199,9600000.0,2
62,"Boston,MA",02210,1379000.0,47
63,"Boston,MA",02215,635000.0,34
64,"Boston,MA",02467,480000.0,13
65,"Charlotte,NC",28028,481421.0,2
66,"Charlotte,NC",28078,90500.0,2
67,"Charlotte,NC",28104,534900.0,1
68,"Charlotte,NC",28105,407000.0,48
69,"Charlotte,NC",28202,395000.0,91
70,"Charlotte,NC",28203,605000.0,90
71,"Charlotte,NC",28204,599345.0,48
72,"Charlotte,NC",28205,486116.0,295
73,"Charlotte,NC",28206,435000.0,45
74,"Charlotte,NC",28207,1225000.0,63
75,"Charlotte,NC",28208,365000.0,183
76,"Charlotte,NC",28209,648500.0,124
77,"Charlotte,NC",28210,479250.0,248
78,"Charlotte,NC",28211,710250.0,156
79,"Charlotte,NC",28212,320000.0,105
80,"Charlotte,NC",28213,342000.0,133
81,"Charlotte,NC",28214,342900.0,255
82,"Charlotte,NC",28215,358000.0,214
83,"Charlotte,NC",28216,357450.0,186
84,"Charlotte,NC",28217,378760.0,123
85,"Charlotte,NC",28226,650000.0,205
86,"Charlotte,NC",28227,323500.0,118
87,"Charlotte,NC",28262,379980.0,133
88,"Charlotte,NC",28269,385500.0,334
89,"Charlotte,NC",28270,606000.0,159
90,"Charlotte,NC",28273,371000.0,120
91,"Charlotte,NC",28277,542500.0,300
92,"Charlotte,NC",28278,503197.0,271
93,"Chicago,IL",60601,510500.0,48
94,"Chicago,IL",60602,389500.0,2
95,"Chicago,IL",60603,553750.0,4
96,"Chicago,IL",60604,608000.0,3
97,"Chicago,IL",60605,367500.0,84
98,"Chicago,IL",60606,330000.0,15
99,"Chicago,IL",60607,462950.0,86
100,"Chicago,IL",60608,349950.0,58
101,"Chicago,IL",60609,236000.0,37
102,"Chicago,IL",60610,389250.0,138
103,"Chicago,IL",60611,375000.0,129
104,"Chicago,IL",60612,372500.0,56
105,"Chicago,IL",60613,292500.0,163
106,"Chicago,IL",60614,629000.0,252
107,"Chicago,IL",60615,287000.0,66
108,"Chicago,IL",60616,325000.0,60
109,"Chicago,IL",60617,160000.0,61
110,"Chicago,IL",60618,562500.0,186
111,"Chicago,IL",60619,225000.0,59
112,"Chicago,IL",60620,200000.0,64
113,"Chicago,IL",60621,165000.0,29
114,"Chicago,IL",60622,599000.0,172
115,"Chicago,IL",60623,327000.0,54
116,"Chicago,IL",60624,242500.0,20
117,"Chicago,IL",60625,474950.0,100
118,"Chicago,IL",60626,233500.0,58
119,"Chicago,IL",60628,190343.5,76
120,"Chicago,IL",60629,265000.0,59
121,"Chicago,IL",60630,413750.0,60
122,"Chicago,IL",60631,392500.0,56
123,"Chicago,IL",60632,282500.0,38
124,"Chicago,IL",60633,205000.0,11
125,"Chicago,IL",60634,335000.0,85
126,"Chicago,IL",60636,172000.0,35
127,"Chicago,IL",60637,270125.0,52
128,"Chicago,IL",60638,317200.0,68
129,"Chicago,IL",60639,328000.0,34
130,"Chicago,IL",60640,347658.0,139
131,"Chicago,IL",60641,465000.0,65
132,"Chicago,IL",60642,481900.0,59
133,"Chicago,IL",60643,250000.0,67
134,"Chicago,IL",60644,145000.0,19
135,"Chicago,IL",60645,215000.0,52
136,"Chicago,IL",60646,487500.0,47
137,"Chicago,IL",60647,542500.0,162
138,"Chicago,IL",60649,248000.0,21
139,"Chicago,IL",60651,300000.0,37
140,"Chicago,IL",60652,260000.0,43
141,"Chicago,IL",60653,276500.0,32
142,"Chicago,IL",60654,435000.0,105
143,"Chicago,IL",60655,305000.0,41
144,"Chicago,IL",60656,367450.0,48
145,"Chicago,IL",60657,509750.0,220
146,"Chicago,IL",60659,241550.0,32
147,"Chicago,IL",60660,260000.0,81
148,"Chicago,IL",60661,412000.0,31
149,"Chicago,IL",60706,362000.0,1
150,"Chicago,IL",60707,310000.0,21
151,"Chicago,IL",60805,250000.0,1
152,"Chicago,IL",60827,105000.0,1
153,"Columbus,OH",43004,310000.0,85
154,"Columbus,OH",43016,355000.0,81
155,"Columbus,OH",43017,332500.0,38
156,"Columbus,OH",43026,306500.0,88
157,"Columbus,OH",43035,382000.0,9
158,"Columbus,OH",43054,327500.0,6
159,"Columbus,OH",43065,347750.0,18
160,"Columbus,OH",43068,226000.0,25
161,"Columbus,OH",43081,292100.0,19
162,"Columbus,OH",43085,197000.0,33
163,"Columbus,OH",43110,261500.0,68
164,"Columbus,OH",43119,280000.0,74
165,"Columbus,OH",43123,270000.0,69
166,"Columbus,OH",43125,191000.0,11
167,"Columbus,OH",43137,310000.0,7
168,"Columbus,OH",43147,355125.0,2
169,"Columbus,OH",43201,415000.0,75
170,"Columbus,OH",43202,350000.0,59
171,"Columbus,OH",43203,223750.0,22
172,"Columbus,OH",43204,177000.0,203
173,"Columbus,OH",43205,340000.0,39
174,"Columbus,OH",43206,325000.0,184
175,"Columbus,OH",43207,181000.0,111
176,"Columbus,OH",43209,373250.0,96
177,"Columbus,OH",43211,137500.0,148
178,"Columbus,OH",43212,436000.0,53
179,"Columbus,OH",43213,200000.0,97
180,"Columbus,OH",43214,350000.0,62
181,"Columbus,OH",43215,463000.0,57
182,"Columbus,OH",43217,70000.0,1
183,"Columbus,OH",43219,209500.0,58
184,"Columbus,OH",43220,422500.0,97
185,"Columbus,OH",43221,479500.0,104
186,"Columbus,OH",43222,191000.0,26
187,"Columbus,OH",43223,150000.0,117
188,"Columbus,OH",43224,177600.0,112
189,"Columbus,OH",43227,173500.0,75
190,"Columbus,OH",43228,240000.0,190
191,"Columbus,OH",43229,225000.0,21
192,"Columbus,OH",43230,345000.0,112
193,"Columbus,OH",43231,92500.0,4
194,"Columbus,OH",43232,187500.0,125
195,"Columbus,OH",43235,400000.0,144
196,"Columbus,OH",43240,302000.0,3
197,"Denver,CO",80123,565500.0,6
198,"Denver,CO",80202,596000.0,55
199,"Denver,CO",80203,365000.0,30
200,"Denver,CO",80204,665000.0,44
201,"Denver,CO",80205,678000.0,100
202,"Denver,CO",80206,666000.0,30
203,"Denver,CO",80207,740000.0,45
204,"Denver,CO",80209,1110000.0,69
205,"Denver,CO",80210,804250.0,76
206,"Denver,CO",80211,852000.0,112
207,"Denver,CO",80212,1197500.0,26
208,"Denver,CO",80214,455000.0,1
209,"Denver,CO",80216,507500.0,16
210,"Denver,CO",80218,482500.0,48
211,"Denver,CO",80219,515000.0,43
212,"Denver,CO",80220,682500.0,72
213,"Denver,CO",80221,495000.0,16
214,"Denver,CO",80222,650000.0,45
215,"Denver,CO",80223,614500.0,36
216,"Denver,CO",80224,450000.0,37
217,"Denver,CO",80227,595000.0,11
218,"Denver,CO",80230,657900.0,19
219,"Denver,CO",80231,375000.0,46
220,"Denver,CO",80235,350000.0,3
221,"Denver,CO",80236,600000.0,23
222,"Denver,CO",80237,450000.0,37
223,"Denver,CO",80238,757655.5,108
224,"Denver,CO",80239,454000.0,27
225,"Denver,CO",80246,755000.0,22
226,"Denver,CO",80247,275000.0,47
227,"Denver,CO",80249,511000.0,57
228,"Denver,CO",80260,82500.0,3
229,"Detroit,MI",48205,21500.0,1
230,"Detroit,MI",48212,21500.0,1
231,"Detroit,MI",48214,45000.0,1
232,"Detroit,MI",48220,30000.0,1
233,"Detroit,MI",48221,106250.0,2
234,"Detroit,MI",48223,75000.0,1
235,"Detroit,MI",48224,169900.0,1
236,"Detroit,MI",48227,39550.0,2
237,"Detroit,MI",48228,79000.0,1
238,"Detroit,MI",48234,17000.0,1
239,"Detroit,MI",48238,320000.0,1
240,"Detroit,MI",48239,123000.0,1
241,"Fresno,CA",93608,145000.0,1
242,"Fresno,CA",93619,800000.0,1
243,"Fresno,CA",93630,283000.0,1
244,"Fresno,CA",93650,170000.0,5
245,"Fresno,CA",93657,625000.0,1
246,"Fresno,CA",93701,288750.0,2
247,"Fresno,CA",93702,265000.0,16
248,"Fresno,CA",93703,315000.0,19
249,"Fresno,CA",93704,340500.0,25
250,"Fresno,CA",93705,304500.0,22
251,"Fresno,CA",93706,242000.0,15
252,"Fresno,CA",93710,380000.0,13
253,"Fresno,CA",93711,566500.0,16
254,"Fresno,CA",93720,449950.0,22
255,"Fresno,CA",93721,150000.0,1
256,"Fresno,CA",93722,386500.0,25
257,"Fresno,CA",93723,467000.0,3
258,"Fresno,CA",93725,220000.0,7
259,"Fresno,CA",93726,322500.0,23
260,"Fresno,CA",93727,420000.0,50
261,"Fresno,CA",93728,240000.0,14
262,"Fresno,CA",93730,815000.0,15
263,"Fresno,CA",93737,467500.0,12
264,"Indianapolis,IN",46113,265500.0,11
265,"Indianapolis,IN",46201,173281.0,98
266,"Indianapolis,IN",46202,355000.0,48
267,"Indianapolis,IN",46203,187937.0,92
268,"Indianapolis,IN",46204,314000.0,14
269,"Indianapolis,IN",46205,272500.0,74
270,"Indianapolis,IN",46208,181732.5,46
271,"Indianapolis,IN",46214,177500.0,16
272,"Indianapolis,IN",46216,297117.0,5
273,"Indianapolis,IN",46217,247160.0,65
274,"Indianapolis,IN",46218,105000.0,68
275,"Indianapolis,IN",46219,152400.0,61
276,"Indianapolis,IN",46220,312900.0,75
277,"Indianapolis,IN",46221,200000.0,37
278,"Indianapolis,IN",46222,114999.0,45
279,"Indianapolis,IN",46224,207000.0,27
280,"Indianapolis,IN",46225,188450.0,28
281,"Indianapolis,IN",46226,136500.0,65
282,"Indianapolis,IN",46227,229000.0,71
283,"Indianapolis,IN",46228,266336.5,18
284,"Indianapolis,IN",46229,215000.0,33
285,"Indianapolis,IN",46231,235000.0,5
286,"Indianapolis,IN",46234,245500.0,28
287,"Indianapolis,IN",46235,199000.0,43
288,"Indianapolis,IN",46236,305000.0,41
289,"Indianapolis,IN",46237,252400.0,55
290,"Indianapolis,IN",46239,299372.5,56
291,"Indianapolis,IN",46240,302500.0,14
292,"Indianapolis,IN",46241,145000.0,28
293,"Indianapolis,IN",46250,230450.0,26
294,"Indianapolis,IN",46254,198037.0,34
295,"Indianapolis,IN",46256,267500.0,32
296,"Indianapolis,IN",46259,350000.0,19
297,"Indianapolis,IN",46260,270000.0,37
298,"Indianapolis,IN",46268,207500.0,29
299,"Indianapolis,IN",46278,477500.0,8
300,"Jacksonville,FL",32073,185000.0,1
301,"Jacksonville,FL",32081,680000.0,13
302,"Jacksonville,FL",32202,185000.0,28
303,"Jacksonville,FL",32204,443000.0,32
304,"Jacksonville,FL",32205,322250.0,220
305,"Jacksonville,FL",32206,144500.0,78
306,"Jacksonville,FL",32207,299950.0,150
307,"Jacksonville,FL",32208,140000.0,149
308,"Jacksonville,FL",32209,125500.0,138
309,"Jacksonville,FL",32210,230250.0,254
310,"Jacksonville,FL",32211,250000.0,130
311,"Jacksonville,FL",32216,282500.0,127
312,"Jacksonville,FL",32217,330000.0,85
313,"Jacksonville,FL",32218,282000.0,257
314,"Jacksonville,FL",32219,232800.0,86
315,"Jacksonville,FL",32220,300000.0,53
316,"Jacksonville,FL",32221,313995.0,84
317,"Jacksonville,FL",32222,360000.0,83
318,"Jacksonville,FL",32223,430500.0,110
319,"Jacksonville,FL",32224,498879.0,145
320,"Jacksonville,FL",32225,371250.0,194
321,"Jacksonville,FL",32226,402255.0,126
322,"Jacksonville,FL",32233,308000.0,31
323,"Jacksonville,FL",32234,293990.0,53
324,"Jacksonville,FL",32244,276800.0,214
325,"Jacksonville,FL",32246,382500.0,214
326,"Jacksonville,FL",32250,570000.0,27
327,"Jacksonville,FL",32254,151000.0,76
328,"Jacksonville,FL",32256,379314.5,282
329,"Jacksonville,FL",32257,360000.0,151
330,"Jacksonville,FL",32258,370000.0,157
331,"Jacksonville,FL",32259,562500.0,80
332,"Jacksonville,FL",32277,307500.0,72
333,"Las Vegas,NV",89044,769257.0,4
334,"Las Vegas,NV",89054,250000.0,1
335,"Las Vegas,NV",89101,320000.0,20
336,"Las Vegas,NV",89102,415000.0,27
337,"Las Vegas,NV",89103,273500.0,86
338,"Las Vegas,NV",89104,360000.0,29
339,"Las Vegas,NV",89106,232000.0,5
340,"Las Vegas,NV",89107,350000.0,54
341,"Las Vegas,NV",89108,335000.0,117
342,"Las Vegas,NV",89109,425000.0,25
343,"Las Vegas,NV",89110,340000.0,74
344,"Las Vegas,NV",89113,500000.0,126
345,"Las Vegas,NV",89115,317750.0,54
346,"Las Vegas,NV",89117,493500.0,74
347,"Las Vegas,NV",89118,317500.0,56
348,"Las Vegas,NV",89119,260000.0,55
349,"Las Vegas,NV",89120,351500.0,44
350,"Las Vegas,NV",89121,350000.0,100
351,"Las Vegas,NV",89122,331000.0,77
352,"Las Vegas,NV",89123,460000.0,95
353,"Las Vegas,NV",89124,574900.0,3
354,"Las Vegas,NV",89128,465000.0,57
355,"Las Vegas,NV",89129,480500.0,82
356,"Las Vegas,NV",89130,460000.0,74
357,"Las Vegas,NV",89131,614950.0,42
358,"Las Vegas,NV",89134,476250.0,84
359,"Las Vegas,NV",89135,728616.5,64
360,"Las Vegas,NV",89138,794186.0,119
361,"Las Vegas,NV",89139,456500.0,66
362,"Las Vegas,NV",89141,535000.0,145
363,"Las Vegas,NV",89142,371000.0,58
364,"Las Vegas,NV",89143,328694.5,2
365,"Las Vegas,NV",89144,660000.0,41
366,"Las Vegas,NV",89145,347000.0,42
367,"Las Vegas,NV",89146,414000.0,23
368,"Las Vegas,NV",89147,392000.0,73
369,"Las Vegas,NV",89148,490000.0,102
370,"Las Vegas,NV",89149,440000.0,103
371,"Las Vegas,NV",89156,430050.0,84
372,"Las Vegas,NV",89158,592500.0,8
373,"Las Vegas,NV",89166,540856.0,85
374,"Las Vegas,NV",89169,261682.0,29
375,"Las Vegas,NV",89178,485000.0,91
376,"Las Vegas,NV",89179,518500.0,20
377,"Las Vegas,NV",89183,412000.0,51
378,"Los Angeles,CA",90001,605000.0,25
379,"Los Angeles,CA",90002,583500.0,44
380,"Los Angeles,CA",90003,660000.0,42
381,"Los Angeles,CA",90004,1837500.0,44
382,"Los Angeles,CA",90005,946500.0,20
383,"Los Angeles,CA",90006,892500.0,32
384,"Los Angeles,CA",90007,1640000.0,15
385,"Los Angeles,CA",90008,1118000.0,32
386,"Los Angeles,CA",90010,1000000.0,4
387,"Los Angeles,CA",90011,730000.0,36
388,"Los Angeles,CA",90012,775000.0,18
389,"Los Angeles,CA",90013,715000.0,10
390,"Los Angeles,CA",90014,485000.0,7
391,"Los Angeles,CA",90015,830000.0,38
392,"Los Angeles,CA",90016,1200000.0,47
393,"Los Angeles,CA",90017,600000.0,20
394,"Los Angeles,CA",90018,1167500.0,28
395,"Los Angeles,CA",90019,1498375.0,58
396,"Los Angeles,CA",90020,733000.0,20
397,"Los Angeles,CA",90021,845000.0,1
398,"Los Angeles,CA",90022,720000.0,23
399,"Los Angeles,CA",90023,692500.0,18
400,"Los Angeles,CA",90024,1194500.0,62
401,"Los Angeles,CA",90025,1230000.0,67
402,"Los Angeles,CA",90026,1525000.0,75
403,"Los Angeles,CA",90027,1700900.0,48
404,"Los Angeles,CA",90028,1506000.0,8
405,"Los Angeles,CA",90029,1175000.0,15
406,"Los Angeles,CA",90031,857500.0,22
407,"Los Angeles,CA",90032,867500.0,46
408,"Los Angeles,CA",90033,960000.0,13
409,"Los Angeles,CA",90034,1549000.0,48
410,"Los Angeles,CA",90035,1660000.0,35
411,"Los Angeles,CA",90036,2135000.0,32
412,"Los Angeles,CA",90037,745000.0,23
413,"Los Angeles,CA",90038,1762500.0,18
414,"Los Angeles,CA",90039,1380000.0,51
415,"Los Angeles,CA",90041,1607040.0,26
416,"Los Angeles,CA",90042,1100000.0,87
417,"Los Angeles,CA",90043,905000.0,46
418,"Los Angeles,CA",90044,670000.0,44
419,"Los Angeles,CA",90045,1595000.0,60
420,"Los Angeles,CA",90046,1819000.0,62
421,"Los Angeles,CA",90047,730000.0,53
422,"Los Angeles,CA",90048,2465000.0,33
423,"Los Angeles,CA",90049,2764009.0,88
424,"Los Angeles,CA",90056,1800000.0,13
425,"Los Angeles,CA",90057,660000.0,15
426,"Los Angeles,CA",90059,547500.0,36
427,"Los Angeles,CA",90061,700000.0,15
428,"Los Angeles,CA",90062,802500.0,28
429,"Los Angeles,CA",90063,690000.0,27
430,"Los Angeles,CA",90064,1757500.0,34
431,"Los Angeles,CA",90065,1179000.0,68
432,"Los Angeles,CA",90066,1655000.0,69
433,"Los Angeles,CA",90067,3175000.0,27
434,"Los Angeles,CA",90068,1788000.0,67
435,"Los Angeles,CA",90069,2337500.0,32
436,"Los Angeles,CA",90077,4226000.0,24
437,"Los Angeles,CA",90094,1425000.0,25
438,"Los Angeles,CA",90210,3715000.0,30
439,"Los Angeles,CA",90230,1450000.0,13
440,"Los Angeles,CA",90247,680000.0,7
441,"Los Angeles,CA",90248,790000.0,9
442,"Los Angeles,CA",90272,4450000.0,59
443,"Los Angeles,CA",90291,2225000.0,61
444,"Los Angeles,CA",90292,1400000.0,59
445,"Los Angeles,CA",90293,780000.0,39
446,"Los Angeles,CA",90304,600000.0,1
447,"Los Angeles,CA",90402,4366000.0,6
448,"Los Angeles,CA",90501,900000.0,13
449,"Los Angeles,CA",90710,780750.0,28
450,"Los Angeles,CA",90717,1050000.0,1
451,"Los Angeles,CA",90731,906500.0,62
452,"Los Angeles,CA",90732,807500.0,51
453,"Los Angeles,CA",90744,630000.0,26
454,"Los Angeles,CA",91040,851250.0,42
455,"Los Angeles,CA",91042,871500.0,36
456,"Los Angeles,CA",91303,505000.0,13
457,"Los Angeles,CA",91304,1045000.0,48
458,"Los Angeles,CA",91306,847500.0,70
459,"Los Angeles,CA",91307,1072500.0,46
460,"Los Angeles,CA",91311,840000.0,65
461,"Los Angeles,CA",91316,877500.0,68
462,"Los Angeles,CA",91324,991000.0,33
463,"Los Angeles,CA",91325,972500.0,42
464,"Los Angeles,CA",91326,1262500.0,76
465,"Los Angeles,CA",91331,727500.0,54
466,"Los Angeles,CA",91335,820000.0,83
467,"Los Angeles,CA",91340,510000.0,6
468,"Los Angeles,CA",91342,732500.0,98
469,"Los Angeles,CA",91343,875000.0,69
470,"Los Angeles,CA",91344,940000.0,69
471,"Los Angeles,CA",91345,780000.0,23
472,"Los Angeles,CA",91352,840000.0,27
473,"Los Angeles,CA",91356,1085000.0,59
474,"Los Angeles,CA",91364,1401000.0,63
475,"Los Angeles,CA",91367,1123500.0,94
476,"Los Angeles,CA",91401,1185000.0,50
477,"Los Angeles,CA",91402,695000.0,44
478,"Los Angeles,CA",91403,1562500.0,68
479,"Los Angeles,CA",91405,855000.0,38
480,"Los Angeles,CA",91406,877500.0,66
481,"Los Angeles,CA",91411,1450000.0,15
482,"Los Angeles,CA",91423,1477500.0,60
483,"Los Angeles,CA",91436,2530125.0,39
484,"Los Angeles,CA",91504,805000.0,9
485,"Los Angeles,CA",91601,1254000.0,43
486,"Los Angeles,CA",91602,1000000.0,44
487,"Los Angeles,CA",91604,2017000.0,73
488,"Los Angeles,CA",91605,872500.0,30
489,"Los Angeles,CA",91606,865500.0,35
490,"Los Angeles,CA",91607,1310000.0,37
491,"Los Angeles,CA",91790,720000.0,1
492,"Louisville,KY",40118,209000.0,1
493,"Louisville,KY",40203,85000.0,10
494,"Louisville,KY",40204,191000.0,16
495,"Louisville,KY",40205,285500.0,18
496,"Louisville,KY",40206,220000.0,15
497,"Louisville,KY",40207,315000.0,17
498,"Louisville,KY",40208,85000.0,7
499,"Louisville,KY",40209,90625.0,3
500,"Louisville,KY",40210,47820.0,9
501,"Louisville,KY",40211,95000.0,20
502,"Louisville,KY",40212,88000.0,15
503,"Louisville,KY",40213,122500.0,20
504,"Louisville,KY",40214,142000.0,62
505,"Louisville,KY",40215,67500.0,19
506,"Louisville,KY",40216,160000.0,50
507,"Louisville,KY",40217,157500.0,20
508,"Louisville,KY",40218,126000.0,18
509,"Louisville,KY",40219,146000.0,26
510,"Louisville,KY",40220,240000.0,26
511,"Louisville,KY",40222,210000.0,5
512,"Louisville,KY",40223,308000.0,26
513,"Louisville,KY",40228,175000.0,16
514,"Louisville,KY",40229,185000.0,21
515,"Louisville,KY",40241,325000.0,17
516,"Louisville,KY",40242,205000.0,8
517,"Louisville,KY",40243,280000.0,11
518,"Louisville,KY",40245,401120.0,41
519,"Louisville,KY",40258,145000.0,31
520,"Louisville,KY",40272,153000.0,28
521,"Louisville,KY",40291,320400.0,58
522,"Louisville,KY",40299,240000.0,33
523,"Memphis,TN",38111,169290.0,1
524,"Memphis,TN",38122,200000.0,1
525,"Milwaukee,WI",53027,49500.0,1
526,"Milwaukee,WI",53202,300000.0,168
527,"Milwaukee,WI",53203,235000.0,10
528,"Milwaukee,WI",53204,140000.0,113
529,"Milwaukee,WI",53205,92000.0,29
530,"Milwaukee,WI",53206,55000.0,168
531,"Milwaukee,WI",53207,270000.0,224
532,"Milwaukee,WI",53208,155000.0,119
533,"Milwaukee,WI",53209,109750.0,214
534,"Milwaukee,WI",53210,130413.0,165
535,"Milwaukee,WI",53211,355000.0,77
536,"Milwaukee,WI",53212,205500.0,152
537,"Milwaukee,WI",53213,263500.0,38
538,"Milwaukee,WI",53214,201500.0,70
539,"Milwaukee,WI",53215,165000.0,166
540,"Milwaukee,WI",53216,132500.0,175
541,"Milwaukee,WI",53217,440000.0,11
542,"Milwaukee,WI",53218,139000.0,248
543,"Milwaukee,WI",53219,225000.0,132
544,"Milwaukee,WI",53220,254000.0,62
545,"Milwaukee,WI",53221,236100.0,123
546,"Milwaukee,WI",53222,215000.0,201
547,"Milwaukee,WI",53223,128050.0,96
548,"Milwaukee,WI",53224,205000.0,98
549,"Milwaukee,WI",53225,169000.0,129
550,"Milwaukee,WI",53226,301000.0,21
551,"Milwaukee,WI",53227,247500.0,32
552,"Milwaukee,WI",53228,266500.0,28
553,"Milwaukee,WI",53233,135000.0,7
554,"Milwaukee,WI",53235,299500.0,1
555,"Nashville,TN",37013,358675.0,108
556,"Nashville,TN",37015,50000.0,1
557,"Nashville,TN",37027,650000.0,45
558,"Nashville,TN",37072,402000.0,12
559,"Nashville,TN",37076,427450.0,72
560,"Nashville,TN",37080,405000.0,11
561,"Nashville,TN",37115,334500.0,70
562,"Nashville,TN",37122,528500.0,2
563,"Nashville,TN",37135,478750.0,8
564,"Nashville,TN",37138,349900.0,45
565,"Nashville,TN",37143,410000.0,1
566,"Nashville,TN",37189,378450.0,8
567,"Nashville,TN",37201,985000.0,4
568,"Nashville,TN",37203,700000.0,61
569,"Nashville,TN",37204,1146200.0,39
570,"Nashville,TN",37205,950000.0,56
571,"Nashville,TN",37206,615500.0,75
572,"Nashville,TN",37207,375000.0,82
573,"Nashville,TN",37208,520000.0,53
574,"Nashville,TN",37209,552000.0,158
575,"Nashville,TN",37210,450000.0,27
576,"Nashville,TN",37211,443000.0,140
577,"Nashville,TN",37212,802000.0,20
578,"Nashville,TN",37214,370000.0,67
579,"Nashville,TN",37215,1307500.0,72
580,"Nashville,TN",37216,538000.0,77
581,"Nashville,TN",37217,325000.0,41
582,"Nashville,TN",37218,329922.5,48
583,"Nashville,TN",37219,882000.0,11
584,"Nashville,TN",37220,915000.0,17
585,"Nashville,TN",37221,520000.0,100
586,"New York,NY",10001,3325000.0,20
587,"New York,NY",10002,1480000.0,21
588,"New York,NY",10003,1250000.0,68
589,"New York,NY",10004,1238750.0,2
590,"New York,NY",10005,2515000.0,5
591,"New York,NY",10006,1417500.0,4
592,"New York,NY",10007,3175000.0,11
593,"New York,NY",10009,791500.0,20
594,"New York,NY",10010,762500.0,26
595,"New York,NY",10011,1350000.0,86
596,"New York,NY",10012,2805000.0,23
597,"New York,NY",10013,3775000.0,22
598,"New York,NY",10014,1950000.0,62
599,"New York,NY",10016,1555000.0,95
600,"New York,NY",10017,940000.0,27
601,"New York,NY",10018,1297000.0,2
602,"New York,NY",10019,1187500.0,32
603,"New York,NY",10021,999000.0,73
604,"New York,NY",10022,845000.0,69
605,"New York,NY",10023,1100000.0,81
606,"New York,NY",10024,2225000.0,48
607,"New York,NY",10025,1202500.0,60
608,"New York,NY",10026,1047250.0,18
609,"New York,NY",10027,1412500.0,20
610,"New York,NY",10028,1692500.0,38
611,"New York,NY",10029,1695000.0,4
612,"New York,NY",10030,600000.0,3
613,"New York,NY",10031,749000.0,3
614,"New York,NY",10032,428750.0,8
615,"New York,NY",10033,670000.0,11
616,"New York,NY",10034,395750.0,6
617,"New York,NY",10035,799000.0,3
618,"New York,NY",10036,862500.0,12
619,"New York,NY",10037,1277500.0,4
620,"New York,NY",10038,1575000.0,16
621,"New York,NY",10039,525000.0,2
622,"New York,NY",10040,480000.0,5
623,"New York,NY",10044,467962.0,1
624,"New York,NY",10065,1847500.0,46
625,"New York,NY",10069,2070000.0,13
626,"New York,NY",10075,890000.0,37
627,"New York,NY",10128,1225000.0,65
628,"New York,NY",10280,885000.0,9
629,"New York,NY",10282,2697500.0,2
630,"New York,NY",10301,715000.0,35
631,"New York,NY",10302,550000.0,19
632,"New York,NY",10303,515000.0,19
633,"New York,NY",10304,631000.0,24
634,"New York,NY",10305,728000.0,37
635,"New York,NY",10306,672500.0,68
636,"New York,NY",10307,898500.0,22
637,"New York,NY",10308,680000.0,31
638,"New York,NY",10309,775000.0,45
639,"New York,NY",10310,660000.0,20
640,"New York,NY",10312,690000.0,73
641,"New York,NY",10314,710000.0,85
642,"New York,NY",10451,380000.0,1
643,"New York,NY",10455,699000.0,1
644,"New York,NY",10456,560000.0,1
645,"New York,NY",10457,790000.0,1
646,"New York,NY",10461,417250.0,2
647,"New York,NY",10462,230000.0,3
648,"New York,NY",10463,442500.0,14
649,"New York,NY",10465,655000.0,3
650,"New York,NY",10467,723000.0,1
651,"New York,NY",10468,210000.0,2
652,"New York,NY",10469,670000.0,5
653,"New York,NY",10471,385000.0,9
654,"New York,NY",10473,675000.0,2
655,"New York,NY",11001,672500.0,2
656,"New York,NY",11004,365000.0,8
657,"New York,NY",11005,402500.0,3
658,"New York,NY",11101,1055792.0,31
659,"New York,NY",11102,819150.0,8
660,"New York,NY",11103,1160000.0,7
661,"New York,NY",11104,369750.0,3
662,"New York,NY",11105,1305000.0,5
663,"New York,NY",11106,510000.0,13
664,"New York,NY",11109,2265000.0,3
665,"New York,NY",11201,1640000.0,70
666,"New York,NY",11203,607929.5,12
667,"New York,NY",11204,1250000.0,19
668,"New York,NY",11205,875000.0,11
669,"New York,NY",11206,950000.0,10
670,"New York,NY",11207,350000.0,13
671,"New York,NY",11208,775000.0,4
672,"New York,NY",11209,1000000.0,42
673,"New York,NY",11210,1020000.0,14
674,"New York,NY",11211,1315000.0,20
675,"New York,NY",11212,685000.0,4
676,"New York,NY",11213,765000.0,4
677,"New York,NY",11214,1075000.0,32
678,"New York,NY",11215,1400000.0,62
679,"New York,NY",11216,1060000.0,19
680,"New York,NY",11217,1542500.0,44
681,"New York,NY",11218,860000.0,32
682,"New York,NY",11219,1550000.0,9
683,"New York,NY",11220,800000.0,17
684,"New York,NY",11221,1400000.0,29
685,"New York,NY",11222,1650000.0,15
686,"New York,NY",11223,1045000.0,21
687,"New York,NY",11224,650000.0,15
688,"New York,NY",11225,730000.0,25
689,"New York,NY",11226,725000.0,25
690,"New York,NY",11228,1230000.0,30
691,"New York,NY",11229,649000.0,51
692,"New York,NY",11230,460000.0,19
693,"New York,NY",11231,2062500.0,20
694,"New York,NY",11232,606500.0,14
695,"New York,NY",11233,1031000.0,17
696,"New York,NY",11234,750000.0,53
697,"New York,NY",11235,478500.0,42
698,"New York,NY",11236,672500.0,26
699,"New York,NY",11237,1500000.0,9
700,"New York,NY",11238,1225000.0,50
701,"New York,NY",11243,1662500.0,2
702,"New York,NY",11249,1395000.0,17
703,"New York,NY",11354,492500.0,14
704,"New York,NY",11355,875000.0,15
705,"New York,NY",11356,885000.0,7
706,"New York,NY",11357,700000.0,17
707,"New York,NY",11358,602000.0,13
708,"New York,NY",11360,449000.0,16
709,"New York,NY",11361,940000.0,10
710,"New York,NY",11362,349000.0,22
711,"New York,NY",11363,260750.0,2
712,"New York,NY",11364,770000.0,21
713,"New York,NY",11365,894500.0,6
714,"New York,NY",11366,1302500.0,2
715,"New York,NY",11367,350000.0,13
716,"New York,NY",11368,605000.0,6
717,"New York,NY",11369,725000.0,11
718,"New York,NY",11370,888000.0,7
719,"New York,NY",11372,431487.5,24
720,"New York,NY",11373,520000.0,13
721,"New York,NY",11374,396000.0,21
722,"New York,NY",11375,390000.0,39
723,"New York,NY",11377,515950.0,16
724,"New York,NY",11378,835000.0,11
725,"New York,NY",11379,878888.0,5
726,"New York,NY",11385,994999.5,12
727,"New York,NY",11411,600000.0,7
728,"New York,NY",11412,685000.0,9
729,"New York,NY",11413,690000.0,9
730,"New York,NY",11414,750000.0,7
731,"New York,NY",11415,310000.0,14
732,"New York,NY",11416,825000.0,1
733,"New York,NY",11417,677724.5,6
734,"New York,NY",11418,271000.0,5
735,"New York,NY",11419,832500.0,2
736,"New York,NY",11420,698500.0,8
737,"New York,NY",11421,568000.0,11
738,"New York,NY",11422,617500.0,4
739,"New York,NY",11423,820000.0,5
740,"New York,NY",11426,562500.0,6
741,"New York,NY",11427,800000.0,3
742,"New York,NY",11428,736000.0,6
743,"New York,NY",11429,630000.0,2
744,"New York,NY",11432,234000.0,10
745,"New York,NY",11433,590000.0,5
746,"New York,NY",11434,640000.0,5
747,"New York,NY",11435,280000.0,13
748,"New York,NY",11436,732500.0,4
749,"New York,NY",11691,387500.0,2
750,"New York,NY",11692,577500.0,4
751,"New York,NY",11693,608000.0,2
752,"New York,NY",11694,752500.0,10
753,"New York,NY",11697,650000.0,1
754,"Oklahoma City,OK",73008,170000.0,5
755,"Oklahoma City,OK",73012,327500.0,206
756,"Oklahoma City,OK",73013,315000.0,257
757,"Oklahoma City,OK",73020,344250.0,26
758,"Oklahoma City,OK",73025,3000000.0,1
759,"Oklahoma City,OK",73026,520000.0,1
760,"Oklahoma City,OK",73049,470000.0,21
761,"Oklahoma City,OK",73054,499900.0,1
762,"Oklahoma City,OK",73064,275990.0,121
763,"Oklahoma City,OK",73071,577700.0,1
764,"Oklahoma City,OK",73078,300000.0,30
765,"Oklahoma City,OK",73084,33250.0,6
766,"Oklahoma City,OK",73099,279250.0,450
767,"Oklahoma City,OK",73102,376000.0,2
768,"Oklahoma City,OK",73103,424750.0,24
769,"Oklahoma City,OK",73104,498500.0,16
770,"Oklahoma City,OK",73105,167500.0,14
771,"Oklahoma City,OK",73106,372500.0,56
772,"Oklahoma City,OK",73107,190000.0,125
773,"Oklahoma City,OK",73108,113750.0,16
774,"Oklahoma City,OK",73109,137950.0,26
775,"Oklahoma City,OK",73110,131000.0,14
776,"Oklahoma City,OK",73111,118500.0,35
777,"Oklahoma City,OK",73112,203400.0,148
778,"Oklahoma City,OK",73114,160000.0,65
779,"Oklahoma City,OK",73115,138700.0,10
780,"Oklahoma City,OK",73116,300000.0,49
781,"Oklahoma City,OK",73117,117000.0,29
782,"Oklahoma City,OK",73118,281557.5,102
783,"Oklahoma City,OK",73119,115500.0,52
784,"Oklahoma City,OK",73120,235000.0,167
785,"Oklahoma City,OK",73121,79000.0,5
786,"Oklahoma City,OK",73122,198000.0,30
787,"Oklahoma City,OK",73127,210393.0,65
788,"Oklahoma City,OK",73128,238500.0,17
789,"Oklahoma City,OK",73129,93600.0,34
790,"Oklahoma City,OK",73130,214000.0,20
791,"Oklahoma City,OK",73131,319000.0,16
792,"Oklahoma City,OK",73132,226000.0,93
793,"Oklahoma City,OK",73134,136500.0,12
794,"Oklahoma City,OK",73135,210000.0,87
795,"Oklahoma City,OK",73139,199500.0,46
796,"Oklahoma City,OK",73141,170000.0,11
797,"Oklahoma City,OK",73142,375000.0,88
798,"Oklahoma City,OK",73149,150000.0,13
799,"Oklahoma City,OK",73150,350000.0,20
800,"Oklahoma City,OK",73151,645000.0,9
801,"Oklahoma City,OK",73159,180000.0,113
802,"Oklahoma City,OK",73160,292590.0,29
803,"Oklahoma City,OK",73162,248750.0,124
804,"Oklahoma City,OK",73165,280000.0,29
805,"Oklahoma City,OK",73169,382000.0,15
806,"Oklahoma City,OK",73170,275000.0,200
807,"Oklahoma City,OK",73173,355000.0,12
808,"Oklahoma City,OK",73179,262970.0,142
809,"Oklahoma City,OK",74851,244750.0,8
810,"Oklahoma City,OK",74857,197500.0,31
811,"Philadelphia,PA",19102,300000.0,25
812,"Philadelphia,PA",19103,435000.0,93
813,"Philadelphia,PA",19104,190000.0,55
814,"Philadelphia,PA",19106,444900.0,59
815,"Philadelphia,PA",19107,380000.0,31
816,"Philadelphia,PA",19111,285000.0,128
817,"Philadelphia,PA",19114,300000.0,59
818,"Philadelphia,PA",19115,389000.0,67
819,"Philadelphia,PA",19116,362000.0,60
820,"Philadelphia,PA",19118,800000.0,27
821,"Philadelphia,PA",19119,439000.0,74
822,"Philadelphia,PA",19120,168500.0,86
823,"Philadelphia,PA",19121,282000.0,73
824,"Philadelphia,PA",19122,375000.0,65
825,"Philadelphia,PA",19123,505000.0,77
826,"Philadelphia,PA",19124,165000.0,128
827,"Philadelphia,PA",19125,437500.0,118
828,"Philadelphia,PA",19126,240000.0,15
829,"Philadelphia,PA",19127,352000.0,41
830,"Philadelphia,PA",19128,375000.0,115
831,"Philadelphia,PA",19129,350000.0,43
832,"Philadelphia,PA",19130,450000.0,111
833,"Philadelphia,PA",19131,145000.0,47
834,"Philadelphia,PA",19132,85000.0,73
835,"Philadelphia,PA",19133,89400.0,46
836,"Philadelphia,PA",19134,150000.0,136
837,"Philadelphia,PA",19135,207000.0,75
838,"Philadelphia,PA",19136,225000.0,81
839,"Philadelphia,PA",19137,229000.0,15
840,"Philadelphia,PA",19138,189740.0,65
841,"Philadelphia,PA",19139,155000.0,76
842,"Philadelphia,PA",19140,100000.0,70
843,"Philadelphia,PA",19141,187900.0,47
844,"Philadelphia,PA",19142,99000.0,56
845,"Philadelphia,PA",19143,160000.0,115
846,"Philadelphia,PA",19144,226000.0,61
847,"Philadelphia,PA",19145,268000.0,125
848,"Philadelphia,PA",19146,475000.0,224
849,"Philadelphia,PA",19147,522500.0,184
850,"Philadelphia,PA",19148,300000.0,158
851,"Philadelphia,PA",19149,240000.0,83
852,"Philadelphia,PA",19150,273000.0,32
853,"Philadelphia,PA",19151,212000.0,46
854,"Philadelphia,PA",19152,323000.0,67
855,"Philadelphia,PA",19153,237500.0,16
856,"Philadelphia,PA",19154,300000.0,70
857,"Phoenix,AZ",85003,429950.0,24
858,"Phoenix,AZ",85004,510000.0,19
859,"Phoenix,AZ",85006,450000.0,44
860,"Phoenix,AZ",85007,435000.0,29
861,"Phoenix,AZ",85008,427500.0,71
862,"Phoenix,AZ",85009,342500.0,60
863,"Phoenix,AZ",85012,500000.0,31
864,"Phoenix,AZ",85013,520500.0,46
865,"Phoenix,AZ",85014,480000.0,91
866,"Phoenix,AZ",85015,390500.0,70
867,"Phoenix,AZ",85016,590000.0,137
868,"Phoenix,AZ",85017,360000.0,89
869,"Phoenix,AZ",85018,907500.0,122
870,"Phoenix,AZ",85019,347500.0,52
871,"Phoenix,AZ",85020,435000.0,151
872,"Phoenix,AZ",85021,505000.0,63
873,"Phoenix,AZ",85022,412000.0,127
874,"Phoenix,AZ",85023,438100.0,76
875,"Phoenix,AZ",85024,503500.0,70
876,"Phoenix,AZ",85027,416500.0,100
877,"Phoenix,AZ",85028,769000.0,71
878,"Phoenix,AZ",85029,400000.0,111
879,"Phoenix,AZ",85031,353500.0,46
880,"Phoenix,AZ",85032,480000.0,179
881,"Phoenix,AZ",85033,344500.0,100
882,"Phoenix,AZ",85034,350000.0,7
883,"Phoenix,AZ",85035,360000.0,77
884,"Phoenix,AZ",85037,395000.0,103
885,"Phoenix,AZ",85040,377000.0,68
886,"Phoenix,AZ",85041,421250.0,120
887,"Phoenix,AZ",85042,447500.0,110
888,"Phoenix,AZ",85043,400000.0,73
889,"Phoenix,AZ",85044,487000.0,103
890,"Phoenix,AZ",85045,711900.0,29
891,"Phoenix,AZ",85048,622000.0,102
892,"Phoenix,AZ",85050,590000.0,105
893,"Phoenix,AZ",85051,370000.0,105
894,"Phoenix,AZ",85053,415000.0,67
895,"Phoenix,AZ",85054,670000.0,28
896,"Phoenix,AZ",85083,681250.0,50
897,"Phoenix,AZ",85085,670000.0,67
898,"Phoenix,AZ",85086,737000.0,91
899,"Phoenix,AZ",85087,667450.0,18
900,"Phoenix,AZ",85251,2442500.0,8
901,"Phoenix,AZ",85253,1499000.0,9
902,"Phoenix,AZ",85254,879000.0,193
903,"Phoenix,AZ",85304,425000.0,13
904,"Phoenix,AZ",85306,427500.0,23
905,"Phoenix,AZ",85307,440000.0,9
906,"Phoenix,AZ",85308,455000.0,72
907,"Phoenix,AZ",85310,508000.0,51
908,"Phoenix,AZ",85331,802000.0,87
909,"Phoenix,AZ",85339,485000.0,135
910,"Phoenix,AZ",85353,471250.0,110
911,"Portland,OR",97035,799000.0,5
912,"Portland,OR",97086,940000.0,1
913,"Portland,OR",97201,460000.0,79
914,"Portland,OR",97202,707500.0,206
915,"Portland,OR",97203,511500.0,184
916,"Portland,OR",97205,475000.0,19
917,"Portland,OR",97206,535000.0,269
918,"Portland,OR",97209,411000.0,112
919,"Portland,OR",97210,825000.0,57
920,"Portland,OR",97211,655000.0,202
921,"Portland,OR",97212,850000.0,139
922,"Portland,OR",97213,600000.0,167
923,"Portland,OR",97214,700000.0,103
924,"Portland,OR",97215,717800.0,89
925,"Portland,OR",97216,457000.0,75
926,"Portland,OR",97217,549500.0,235
927,"Portland,OR",97218,515000.0,69
928,"Portland,OR",97219,683905.0,249
929,"Portland,OR",97220,470000.0,151
930,"Portland,OR",97221,895048.5,62
931,"Portland,OR",97222,692000.0,1
932,"Portland,OR",97223,650000.0,66
933,"Portland,OR",97224,775000.0,13
934,"Portland,OR",97225,725000.0,132
935,"Portland,OR",97227,749950.0,20
936,"Portland,OR",97229,821000.0,395
937,"Portland,OR",97230,470000.0,180
938,"Portland,OR",97231,658000.0,27
939,"Portland,OR",97232,699000.0,52
940,"Portland,OR",97233,435000.0,119
941,"Portland,OR",97236,435950.0,122
942,"Portland,OR",97239,665000.0,113
943,"Portland,OR",97266,425000.0,146
944,"Portland,OR",97267,74000.0,1
945,"San Diego,CA",91111,1015000.0,1
946,"San Diego,CA",91902,1050000.0,1
947,"San Diego,CA",91977,1032500.0,2
948,"San Diego,CA",92014,2200000.0,29
949,"San Diego,CA",92024,2995000.0,1
950,"San Diego,CA",92037,2155000.0,168
951,"San Diego,CA",92054,1615000.0,1
952,"San Diego,CA",92075,2820000.0,1
953,"San Diego,CA",92101,755000.0,287
954,"San Diego,CA",92102,827500.0,62
955,"San Diego,CA",92103,912500.0,126
956,"San Diego,CA",92104,1032500.0,110
957,"San Diego,CA",92105,675000.0,88
958,"San Diego,CA",92106,1650000.0,53
959,"San Diego,CA",92107,1250000.0,65
960,"San Diego,CA",92108,649000.0,100
961,"San Diego,CA",92109,1453000.0,161
962,"San Diego,CA",92110,700000.0,74
963,"San Diego,CA",92111,840000.0,114
964,"San Diego,CA",92113,665000.0,55
965,"San Diego,CA",92114,690000.0,139
966,"San Diego,CA",92115,820000.0,144
967,"San Diego,CA",92116,906000.0,93
968,"San Diego,CA",92117,1100000.0,143
969,"San Diego,CA",92119,917000.0,83
970,"San Diego,CA",92120,978500.0,108
971,"San Diego,CA",92121,1002500.0,10
972,"San Diego,CA",92122,900000.0,93
973,"San Diego,CA",92123,867500.0,73
974,"San Diego,CA",92124,1020000.0,55
975,"San Diego,CA",92126,899051.0,129
976,"San Diego,CA",92127,1675000.0,144
977,"San Diego,CA",92128,849900.0,213
978,"San Diego,CA",92129,1297500.0,118
979,"San Diego,CA",92130,2000000.0,137
980,"San Diego,CA",92131,1325000.0,98
981,"San Diego,CA",92139,650000.0,65
982,"San Diego,CA",92154,677000.0,150
983,"San Diego,CA",92173,435000.0,23
984,"San Francisco,CA",94102,906667.0,33
985,"San Francisco,CA",94103,928615.0,61
986,"San Francisco,CA",94105,1327500.0,64
987,"San Francisco,CA",94107,1129999.0,123
988,"San Francisco,CA",94108,1082500.0,10
989,"San Francisco,CA",94109,1225000.0,143
990,"San Francisco,CA",94110,1479000.0,214
991,"San Francisco,CA",94111,1197000.0,22
992,"San Francisco,CA",94112,1384000.0,126
993,"San Francisco,CA",94114,1915000.0,156
994,"San Francisco,CA",94115,1810000.0,113
995,"San Francisco,CA",94116,1700000.0,98
996,"San Francisco,CA",94117,1765000.0,102
997,"San Francisco,CA",94118,2300000.0,90
998,"San Francisco,CA",94121,1840000.0,86
999,"San Francisco,CA",94122,1902500.0,98
1000,"San Francisco,CA",94123,2452500.0,82
1001,"San Francisco,CA",94124,999999.0,59
1002,"San Francisco,CA",94127,2203500.0,58
1003,"San Francisco,CA",94130,1842500.0,3
1004,"San Francisco,CA",94131,1850140.0,115
1005,"San Francisco,CA",94132,1450000.0,39
1006,"San Francisco,CA",94133,2019000.0,46
1007,"San Francisco,CA",94134,1131300.0,54
1008,"San Francisco,CA",94158,1066500.0,30
1009,"San Jose,CA",95002,1785000.0,3
1010,"San Jose,CA",95008,1910000.0,20
1011,"San Jose,CA",95032,2350250.0,3
1012,"San Jose,CA",95037,485000.0,1
1013,"San Jose,CA",95070,3595000.0,2
1014,"San Jose,CA",95110,916000.0,57
1015,"San Jose,CA",95111,950000.0,113
1016,"San Jose,CA",95112,1016000.0,132
1017,"San Jose,CA",95113,835000.0,6
1018,"San Jose,CA",95116,926000.0,74
1019,"San Jose,CA",95117,1650083.0,58
1020,"San Jose,CA",95118,1600000.0,119
1021,"San Jose,CA",95119,1613000.0,25
1022,"San Jose,CA",95120,2350000.0,119
1023,"San Jose,CA",95121,1170000.0,57
1024,"San Jose,CA",95122,965000.0,70
1025,"San Jose,CA",95123,1305000.0,239
1026,"San Jose,CA",95124,1880000.0,159
1027,"San Jose,CA",95125,1817500.0,204
1028,"San Jose,CA",95126,1195000.0,91
1029,"San Jose,CA",95127,1065000.0,110
1030,"San Jose,CA",95128,1525000.0,96
1031,"San Jose,CA",95129,2165000.0,88
1032,"San Jose,CA",95130,2050000.0,26
1033,"San Jose,CA",95131,1258000.0,67
1034,"San Jose,CA",95132,1600000.0,82
1035,"San Jose,CA",95133,1152500.0,84
1036,"San Jose,CA",95134,578250.0,26
1037,"San Jose,CA",95135,1100000.0,63
1038,"San Jose,CA",95136,1249000.0,136
1039,"San Jose,CA",95138,1615000.0,62
1040,"San Jose,CA",95139,1190000.0,34
1041,"San Jose,CA",95148,1430000.0,62
1042,"Seattle,WA",98101,692500.0,46
1043,"Seattle,WA",98102,660000.0,132
1044,"Seattle,WA",98103,908750.0,298
1045,"Seattle,WA",98104,584250.0,30
1046,"Seattle,WA",98105,1425000.0,107
1047,"Seattle,WA",98106,705000.0,155
1048,"Seattle,WA",98107,1000000.0,176
1049,"Seattle,WA",98108,762538.5,76
1050,"Seattle,WA",98109,815500.0,79
1051,"Seattle,WA",98112,1455475.0,94
1052,"Seattle,WA",98115,1000000.0,247
1053,"Seattle,WA",98116,1015000.0,135
1054,"Seattle,WA",98117,1112050.0,200
1055,"Seattle,WA",98118,819333.0,147
1056,"Seattle,WA",98119,942500.0,130
1057,"Seattle,WA",98121,602600.0,100
1058,"Seattle,WA",98122,890000.0,161
1059,"Seattle,WA",98125,875000.0,150
1060,"Seattle,WA",98126,760000.0,138
1061,"Seattle,WA",98133,725000.0,103
1062,"Seattle,WA",98134,762500.0,2
1063,"Seattle,WA",98136,933000.0,115
1064,"Seattle,WA",98144,895000.0,139
1065,"Seattle,WA",98146,755000.0,94
1066,"Seattle,WA",98164,630000.0,1
1067,"Seattle,WA",98166,531250.0,4
1068,"Seattle,WA",98168,550000.0,51
1069,"Seattle,WA",98177,1105000.0,34
1070,"Seattle,WA",98178,702500.0,84
1071,"Seattle,WA",98199,1255000.0,126
1072,"Washington,DC",20001,737500.0,273
1073,"Washington,DC",20002,790000.0,330
1074,"Washington,DC",20003,900000.0,178
1075,"Washington,DC",20004,511000.0,16
1076,"Washington,DC",20005,552000.0,73
1077,"Washington,DC",20006,255000.0,3
1078,"Washington,DC",20007,1325000.0,165
1079,"Washington,DC",20008,560000.0,148
1080,"Washington,DC",20009,639500.0,352
1081,"Washington,DC",20010,850000.0,128
1082,"Washington,DC",20011,734520.0,226
1083,"Washington,DC",20012,875000.0,45
1084,"Washington,DC",20015,1500000.0,77
1085,"Washington,DC",20016,960525.0,184
1086,"Washington,DC",20017,735000.0,67
1087,"Washington,DC",20018,637500.0,58
1088,"Washington,DC",20019,434950.0,111
1089,"Washington,DC",20020,435000.0,97
1090,"Washington,DC",20024,414900.0,67
1091,"Washington,DC",20032,415250.0,50
1092,"Washington,DC",20036,380000.0,57
1093,"Washington,DC",20037,550000.0,94
